Firstname, Lastname, Street_name, Postalcode, Location, Social, Phone, Email, Position
Ethan, Harrison, Bigglesworth 80, 68990, PepeLaugh, 19720324-2421, 0728806849, ethan.harrison@itscrap.io, Accounting
Rose, Mackenzie, FailFish 55, 74860, PepeLaugh, 19700822-2915, 0726476835, rose.mackenzie@itscrap.io, Accounting
Beatrice, Martin, Kappa 72, 59703, PepeLaugh, 19961203-2841, 0720185857, beatrice.martin@itscrap.io, IT
Katherine, Green, PogChamp 12, 81303, PepeLaugh, 19681102-6572, 0728281222, katherine.green@itscrap.io, Accounting
Edith, Harvey, SwiftRage 66, 30771, TriHard, 19820704-5715, 0726758813, edith.harvey@itscrap.io, Management
Lily, Brown, SMOrc 21, 46912, TriHard, 19801208-5550, 0726893650, lily.brown@itscrap.io, Consultant
Grace, Cook, CoolStoryBro 94, 79925, PepeLaugh, 19961018-4759, 0723906765, grace.cook@itscrap.io, Sales
Molly, Butler, Bigglesworth 4, 70278, PepeLaugh, 19590529-7397, 0721507142, molly.butler@itscrap.io, Accounting
Harry, Gray, PJSalt 29, 71299, PepeLaugh, 19670311-1575, 0721860580, harry.gray@itscrap.io, Sales
Louis, Palmer, MingLee 38, 97622, TriHard, 19750126-4487, 0726597580, louis.palmer@itscrap.io, Management
Leo, Blair, DansGame 11, 46324, PepeLaugh, 19710903-2413, 0721988908, leo.blair@itscrap.io, IT
Joseph, Grant, Kreygasm 75, 97994, PepeLaugh, 19601026-6010, 0721113637, joseph.grant@itscrap.io, Accounting
Benjamin, Graham, SMOrc 64, 25565, PepeLaugh, 19851218-7004, 0720209492, benjamin.graham@itscrap.io, Consultant
Lily, Evans, 4Head 75, 53220, TriHard, 19650618-7714, 0725106721, lily.evans@itscrap.io, Management
Harriet, Gray, monkaS 86, 68376, TriHard, 19580710-8589, 0727693467, harriet.gray@itscrap.io, Consultant
Thomas, Cooper, Bigglesworth 44, 69281, PepeLaugh, 19810201-4214, 0727007558, thomas.cooper@itscrap.io, Management
Isaac, Moore, CoolStoryBro 24, 34323, PepeLaugh, 19730411-2184, 0720616786, isaac.moore@itscrap.io, Sales
Patrick, Cox, 4Head 90, 77349, PepeLaugh, 19940909-5996, 0723383980, patrick.cox@itscrap.io, Consultant
Harriet, Bradley, Jebaited 49, 87169, TriHard, 19711026-5716, 0729739326, harriet.bradley@itscrap.io, Management
Joshua, Henry, FailFish 68, 33825, TriHard, 19801126-6191, 0724116574, joshua.henry@itscrap.io, Management
Lewis, Hancock, FailFish 83, 85746, PepeLaugh, 19920305-9816, 0723232680, lewis.hancock@itscrap.io, IT
Ethan, Morris, Keepo 45, 11261, PepeLaugh, 19580629-9471, 0727732131, ethan.morris@itscrap.io, IT
Margaret, Hopkins, DansGame 24, 30954, TriHard, 19950828-3456, 0724308237, margaret.hopkins@itscrap.io, Accounting
Charlotte, Brown, monkaS 74, 60971, TriHard, 19881002-7594, 0720196050, charlotte.brown@itscrap.io, IT
Lewis, Palmer, FailFish 67, 63543, PepeLaugh, 19780125-2735, 0722381878, lewis.palmer@itscrap.io, Sales
Ethan, Martin, 4Head 4, 77125, PepeLaugh, 19880128-1258, 0729460373, ethan.martin@itscrap.io, Accounting
Madeleine, Lewis, PogChamp 30, 43955, TriHard, 19600628-3872, 0727370964, madeleine.lewis@itscrap.io, Consultant
Alexander, Hancock, PogChamp 44, 99291, TriHard, 20041127-7556, 0722703735, alexander.hancock@itscrap.io, Management
Natalia, Evans, SMOrc 10, 93732, PepeLaugh, 19780416-2267, 0722542850, natalia.evans@itscrap.io, Consultant
Edith, Hopkins, MingLee 5, 45123, TriHard, 20040518-8315, 0728545053, edith.hopkins@itscrap.io, Sales
Simon, Martin, PJSalt 14, 29911, TriHard, 19980312-1141, 0724617892, simon.martin@itscrap.io, IT
Amelia, James, Keepo 18, 64996, TriHard, 20051007-3301, 0729469057, amelia.james@itscrap.io, IT
Annabelle, Bradley, ResidentSleeper 66, 53391, PepeLaugh, 19681006-6155, 0729783283, annabelle.bradley@itscrap.io, IT
Charles, Matthews, SMOrc 32, 21565, TriHard, 20000307-6607, 0722802986, charles.matthews@itscrap.io, IT
Florence, Nelson, monkaS 33, 54372, PepeLaugh, 19961003-5736, 0728273395, florence.nelson@itscrap.io, Accounting
Samuel, Dawson, PogChamp 98, 22683, TriHard, 19780401-4713, 0725855270, samuel.dawson@itscrap.io, Accounting
Miranda, Blair, PJSalt 38, 69591, PepeLaugh, 19850515-1702, 0722510452, miranda.blair@itscrap.io, IT
Oliver, Hamilton, PogChamp 62, 18142, PepeLaugh, 19961230-9168, 0726151716, oliver.hamilton@itscrap.io, Consultant
Jemima, Griffiths, LUL 35, 42199, TriHard, 20040626-2285, 0722618920, jemima.griffiths@itscrap.io, Accounting
Matthew, Bell, FailFish 77, 71680, PepeLaugh, 19790726-8181, 0725220887, matthew.bell@itscrap.io, Accounting
Lucas, Murray, Kreygasm 12, 77531, PepeLaugh, 19600706-2661, 0720201668, lucas.murray@itscrap.io, Sales
Arabella, Moore, DansGame 55, 14237, TriHard, 19830531-1362, 0721247042, arabella.moore@itscrap.io, Management
David, Fisher, CoolStoryBro 82, 48111, TriHard, 19901217-4378, 0722883307, david.fisher@itscrap.io, Management
Tristan, Nelson, Bigglesworth 89, 15449, PepeLaugh, 19601127-3601, 0724591536, tristan.nelson@itscrap.io, Accounting
Rebecca, Patel, PogChamp 57, 62225, PepeLaugh, 19890306-2070, 0724620093, rebecca.patel@itscrap.io, Sales
Catherine, Lawrence, DansGame 78, 81751, TriHard, 19651022-2784, 0720640837, catherine.lawrence@itscrap.io, Consultant
Theodore, Marshall, Kreygasm 14, 14819, TriHard, 19900212-1713, 0722607146, theodore.marshall@itscrap.io, Accounting
Margaret, Edwards, CoolStoryBro 63, 71713, TriHard, 19951217-8998, 0726456322, margaret.edwards@itscrap.io, Sales
Georgina, Freeman, BibleThump 80, 90435, PepeLaugh, 19981225-9217, 0722928842, georgina.freeman@itscrap.io, Accounting
Ethan, Gibson, 4Head 5, 56761, PepeLaugh, 19630304-6769, 0724886405, ethan.gibson@itscrap.io, Management
Stephen, Foster, LUL 45, 73179, TriHard, 19870817-3897, 0728538321, stephen.foster@itscrap.io, IT
Annabelle, Banks, PogChamp 4, 71994, PepeLaugh, 19781127-4917, 0723598551, annabelle.banks@itscrap.io, Management
Jemima, Brown, Kappa 50, 84871, PepeLaugh, 19710928-9009, 0728346880, jemima.brown@itscrap.io, Accounting
Matthew, Jenkins, Bigglesworth 9, 80399, TriHard, 19780330-7051, 0729095301, matthew.jenkins@itscrap.io, Consultant
Benjamin, James, monkaS 63, 86432, PepeLaugh, 19611019-6116, 0729757222, benjamin.james@itscrap.io, Sales
Alfred, Freeman, CoolStoryBro 93, 97217, TriHard, 19580223-4807, 0729960532, alfred.freeman@itscrap.io, Sales
Georgina, Cross, NotLikeThis 31, 47731, TriHard, 19861126-4628, 0725372004, georgina.cross@itscrap.io, Accounting
Evelyn, Jones, PogChamp 76, 30145, TriHard, 19790410-6105, 0722664827, evelyn.jones@itscrap.io, Consultant
Daniel, Davis, FailFish 93, 35748, PepeLaugh, 19800810-9910, 0729703857, daniel.davis@itscrap.io, IT
Miranda, Butler, SwiftRage 75, 78522, PepeLaugh, 19780531-8017, 0721062129, miranda.butler@itscrap.io, Consultant
Leo, Nicholson, Keepo 89, 95334, PepeLaugh, 19880502-2899, 0729750352, leo.nicholson@itscrap.io, IT
Harry, Matthews, Bigglesworth 2, 29491, PepeLaugh, 19701007-2452, 0726071478, harry.matthews@itscrap.io, Management
Frederick, Lewis, SwiftRage 45, 10160, PepeLaugh, 19930618-2520, 0723897024, frederick.lewis@itscrap.io, Consultant
Louisa, Green, CoolStoryBro 37, 19712, PepeLaugh, 20000917-1434, 0724105292, louisa.green@itscrap.io, IT
Josephine, Clark, monkaS 99, 42125, PepeLaugh, 20041002-3518, 0724049556, josephine.clark@itscrap.io, IT
Louisa, Hancock, Kreygasm 85, 98761, PepeLaugh, 19730902-3136, 0726933752, louisa.hancock@itscrap.io, Accounting
Graham, Gordon, Kreygasm 74, 70527, PepeLaugh, 19590114-9126, 0720496587, graham.gordon@itscrap.io, Consultant
Alfred, Mackenzie, 4Head 5, 64612, PepeLaugh, 19820702-7065, 0720653980, alfred.mackenzie@itscrap.io, Accounting
Annabelle, Campbell, Kreygasm 27, 28380, TriHard, 19971128-9431, 0722283417, annabelle.campbell@itscrap.io, Management
Arthur, Bennett, BibleThump 27, 11489, PepeLaugh, 19900218-8612, 0726056813, arthur.bennett@itscrap.io, Consultant
Theodore, Nelson, DansGame 99, 54112, PepeLaugh, 19920519-4501, 0720890963, theodore.nelson@itscrap.io, Consultant
George, Murphy, monkaS 20, 93817, PepeLaugh, 20010924-4414, 0721665942, george.murphy@itscrap.io, Sales
Amelia, Bradley, CoolStoryBro 13, 49113, TriHard, 19580119-5852, 0724265498, amelia.bradley@itscrap.io, Sales
Timothy, Jones, DansGame 1, 40688, PepeLaugh, 19720227-9249, 0727889716, timothy.jones@itscrap.io, Sales
Imogen, Brown, FeelsGoodMan 66, 59115, TriHard, 19781003-5653, 0720755401, imogen.brown@itscrap.io, Sales
Hazel, Murphy, DansGame 50, 89104, PepeLaugh, 19600701-6253, 0726303481, hazel.murphy@itscrap.io, Consultant
Joseph, Newman, SMOrc 9, 51943, PepeLaugh, 19580221-4652, 0726682994, joseph.newman@itscrap.io, Sales
Ella, King, DansGame 65, 84827, TriHard, 19720422-8613, 0729982942, ella.king@itscrap.io, Management
Joseph, Davies, FeelsGoodMan 16, 41745, PepeLaugh, 19740110-9825, 0729867722, joseph.davies@itscrap.io, Sales
Caroline, Palmer, FailFish 57, 55580, PepeLaugh, 19800215-4004, 0727132937, caroline.palmer@itscrap.io, Accounting
Alexander, Kelly, DansGame 39, 65157, TriHard, 19740921-5515, 0726552577, alexander.kelly@itscrap.io, Accounting
Daisy, Gallagher, Jebaited 44, 26148, TriHard, 19980907-6517, 0728426433, daisy.gallagher@itscrap.io, Sales
Alice, Harvey, monkaS 29, 28638, PepeLaugh, 19901225-7752, 0720145924, alice.harvey@itscrap.io, IT
Samuel, Morgan, ResidentSleeper 63, 94931, PepeLaugh, 19720506-6696, 0722340544, samuel.morgan@itscrap.io, Sales
Patrick, Blair, LUL 15, 62571, PepeLaugh, 19890215-7940, 0727200178, patrick.blair@itscrap.io, IT
Rebecca, Bishop, DansGame 42, 92138, PepeLaugh, 20000318-9526, 0727804221, rebecca.bishop@itscrap.io, Accounting
Angus, Lowe, Jebaited 94, 99473, PepeLaugh, 19580905-4549, 0729982922, angus.lowe@itscrap.io, Consultant
Philip, Dunn, Jebaited 88, 77462, PepeLaugh, 19730921-6561, 0725521898, philip.dunn@itscrap.io, IT
Alexandra, Foster, FailFish 56, 30952, TriHard, 19930525-8958, 0724870839, alexandra.foster@itscrap.io, IT
Theodore, Bennett, Kreygasm 87, 25736, PepeLaugh, 19760222-3153, 0723455195, theodore.bennett@itscrap.io, Management
Caroline, Collins, PJSalt 46, 15451, PepeLaugh, 20000926-2548, 0723494769, caroline.collins@itscrap.io, Accounting
Theodore, Black, Kappa 17, 66254, PepeLaugh, 19650321-6346, 0720356792, theodore.black@itscrap.io, IT
Emilia, McKenzie, FailFish 67, 31882, PepeLaugh, 20040527-1340, 0728558907, emilia.mckenzie@itscrap.io, Consultant
Timothy, Hancock, MingLee 81, 71757, TriHard, 19690508-1447, 0722166715, timothy.hancock@itscrap.io, IT
William, Anderson, BibleThump 47, 49591, TriHard, 19690926-7505, 0728969677, william.anderson@itscrap.io, Management
Ella, Palmer, MingLee 34, 43719, TriHard, 19850910-1500, 0728406034, ella.palmer@itscrap.io, Sales
Timothy, Edwards, DansGame 53, 38564, PepeLaugh, 19850108-9386, 0720630051, timothy.edwards@itscrap.io, Sales
Paul, Cross, LUL 42, 52277, PepeLaugh, 19980511-6047, 0726214958, paul.cross@itscrap.io, Accounting
Abigail, Marshall, PogChamp 32, 51376, PepeLaugh, 19911024-5367, 0729557134, abigail.marshall@itscrap.io, Sales
Josephine, Parker, CoolStoryBro 10, 29493, TriHard, 19990802-2484, 0726584999, josephine.parker@itscrap.io, IT
Oscar, Barnes, SMOrc 70, 83389, TriHard, 19850919-4143, 0724907849, oscar.barnes@itscrap.io, Accounting
Francesca, Brown, Jebaited 49, 25786, TriHard, 19600623-6144, 0728618426, francesca.brown@itscrap.io, Consultant
Benjamin, McKay, Keepo 73, 26306, TriHard, 19821121-3188, 0721251860, benjamin.mckay@itscrap.io, Management
Alice, Butler, monkaS 4, 59870, TriHard, 19970402-6879, 0726041034, alice.butler@itscrap.io, Consultant
Ella, Hopkins, monkaS 91, 65308, TriHard, 19760820-6136, 0724165409, ella.hopkins@itscrap.io, Accounting
Michael, Holmes, FailFish 68, 71985, TriHard, 19970404-5041, 0725055809, michael.holmes@itscrap.io, IT
Rose, Green, DansGame 91, 38124, TriHard, 19860821-4225, 0725657812, rose.green@itscrap.io, Management
Lily, Foster, LUL 25, 39738, PepeLaugh, 20011101-2383, 0721518813, lily.foster@itscrap.io, Management
Lucas, Butler, monkaS 24, 62195, TriHard, 19871030-5716, 0721963293, lucas.butler@itscrap.io, Accounting
Joshua, Davis, FeelsGoodMan 22, 73140, TriHard, 19641218-2602, 0725243738, joshua.davis@itscrap.io, IT
Simon, Anderson, FailFish 30, 59837, PepeLaugh, 19680816-5880, 0724308066, simon.anderson@itscrap.io, Accounting
Louisa, Campbell, NotLikeThis 45, 18836, PepeLaugh, 20040704-1351, 0727024947, louisa.campbell@itscrap.io, Management
Jasper, Black, Kreygasm 59, 76319, PepeLaugh, 19970303-6062, 0721165167, jasper.black@itscrap.io, Management
Emily, Adams, Bigglesworth 78, 64671, TriHard, 19671014-3615, 0726698800, emily.adams@itscrap.io, Accounting
Joshua, Hamilton, PogChamp 87, 36193, PepeLaugh, 19680123-3544, 0728770191, joshua.hamilton@itscrap.io, Consultant
Daniel, Lane, BibleThump 13, 90336, TriHard, 19671222-6379, 0720898582, daniel.lane@itscrap.io, Sales
Daniel, Jenkins, PogChamp 26, 63812, PepeLaugh, 20050204-8782, 0723349220, daniel.jenkins@itscrap.io, Accounting
Philippa, McKay, PJSalt 6, 81496, TriHard, 19800713-6493, 0727936850, philippa.mckay@itscrap.io, Management
Alice, McKay, Bigglesworth 45, 95107, PepeLaugh, 19610415-7682, 0728967510, alice.mckay@itscrap.io, Sales
Robert, Barnes, MingLee 71, 65133, TriHard, 19860909-4534, 0722074774, robert.barnes@itscrap.io, Accounting
Jasper, Murphy, DansGame 81, 19365, TriHard, 19600308-3879, 0720038760, jasper.murphy@itscrap.io, Accounting
Angus, Gibson, PJSalt 40, 20707, PepeLaugh, 20040228-5811, 0721858317, angus.gibson@itscrap.io, IT
Zachary, Cross, Kreygasm 37, 76646, TriHard, 19961227-2850, 0728268415, zachary.cross@itscrap.io, Management
Ethan, Murphy, DansGame 33, 13713, TriHard, 20011213-3131, 0722751775, ethan.murphy@itscrap.io, Accounting
Philip, McKenzie, PogChamp 1, 79153, PepeLaugh, 19670701-3207, 0720625179, philip.mckenzie@itscrap.io, Management
Joseph, Banks, NotLikeThis 93, 18706, PepeLaugh, 19670413-2297, 0725042874, joseph.banks@itscrap.io, Management
Alexandra, Mason, FeelsGoodMan 97, 80967, TriHard, 19851112-7928, 0729358014, alexandra.mason@itscrap.io, IT
Philippa, Bishop, FeelsGoodMan 92, 92678, TriHard, 19891101-4582, 0725592750, philippa.bishop@itscrap.io, Management
Harry, Harvey, SMOrc 19, 65228, TriHard, 19690223-1840, 0727007974, harry.harvey@itscrap.io, Sales
Natalia, Hancock, DansGame 13, 92827, PepeLaugh, 19890414-5591, 0725261053, natalia.hancock@itscrap.io, Accounting
Grace, Cox, BibleThump 44, 71257, PepeLaugh, 19960812-2418, 0728045961, grace.cox@itscrap.io, Accounting
Annabelle, Evans, LUL 68, 93187, PepeLaugh, 19790113-5512, 0726863116, annabelle.evans@itscrap.io, Consultant
Alfred, Knight, NotLikeThis 50, 70415, PepeLaugh, 19961214-3233, 0722553903, alfred.knight@itscrap.io, Sales
Paul, Jones, BibleThump 18, 74583, TriHard, 19600905-8962, 0728743664, paul.jones@itscrap.io, Accounting
Imogen, Matthews, Kappa 49, 82156, TriHard, 19661026-1736, 0721299837, imogen.matthews@itscrap.io, Consultant
Robert, Gilbert, SwiftRage 15, 30554, PepeLaugh, 19580216-2555, 0720811338, robert.gilbert@itscrap.io, Accounting
Emma, Harrison, LUL 75, 87536, TriHard, 19770907-1809, 0725563382, emma.harrison@itscrap.io, Consultant
Lewis, Bishop, PogChamp 91, 69926, PepeLaugh, 19891124-3686, 0726836778, lewis.bishop@itscrap.io, IT
Lucas, Jackson, PJSalt 17, 63236, PepeLaugh, 19910418-7117, 0726948198, lucas.jackson@itscrap.io, Accounting
Winston, Jackson, PogChamp 27, 22145, PepeLaugh, 19620318-4491, 0723395285, winston.jackson@itscrap.io, Management
Paul, Gilbert, CoolStoryBro 19, 39439, TriHard, 19830619-5372, 0721404654, paul.gilbert@itscrap.io, IT
Kitty, Nelson, CoolStoryBro 87, 39276, PepeLaugh, 19780416-9404, 0721737020, kitty.nelson@itscrap.io, Management
Sarah, McDonald, Kappa 58, 29743, PepeLaugh, 19751105-4461, 0727191600, sarah.mcdonald@itscrap.io, Management
Alfred, Matthews, NotLikeThis 42, 94444, PepeLaugh, 19870203-9794, 0725373874, alfred.matthews@itscrap.io, Consultant
William, Cox, BibleThump 15, 24869, TriHard, 19640806-2911, 0729104428, william.cox@itscrap.io, Sales
Robert, Mills, FeelsGoodMan 50, 98539, TriHard, 19710214-5544, 0728383841, robert.mills@itscrap.io, IT
Stephen, Bennett, monkaS 4, 31261, TriHard, 19581223-5594, 0724383562, stephen.bennett@itscrap.io, Sales
Angus, Mackenzie, CoolStoryBro 31, 15771, PepeLaugh, 19900416-8484, 0727053051, angus.mackenzie@itscrap.io, Management
Arabella, Green, MingLee 11, 83942, PepeLaugh, 19781115-9133, 0725879774, arabella.green@itscrap.io, Accounting
Olivia, Nelson, FailFish 79, 48472, TriHard, 19770910-7439, 0724542675, olivia.nelson@itscrap.io, IT
Arthur, Dawson, NotLikeThis 10, 50141, PepeLaugh, 19590504-3861, 0723678561, arthur.dawson@itscrap.io, IT
Emilia, Gilbert, ResidentSleeper 33, 22788, TriHard, 19670407-5090, 0720897794, emilia.gilbert@itscrap.io, IT
Oliver, Foster, CoolStoryBro 95, 32852, PepeLaugh, 19960208-5296, 0728500910, oliver.foster@itscrap.io, Accounting
Imogen, Nicholson, Keepo 85, 22118, TriHard, 19580629-4198, 0722847977, imogen.nicholson@itscrap.io, Accounting
Kitty, Hancock, PJSalt 9, 37124, TriHard, 19800304-7854, 0724653950, kitty.hancock@itscrap.io, IT
Samuel, Mitchell, SMOrc 87, 68583, PepeLaugh, 19670301-5516, 0729384421, samuel.mitchell@itscrap.io, Consultant
Joshua, Newman, MingLee 6, 80120, TriHard, 19780923-9748, 0725375304, joshua.newman@itscrap.io, Accounting
Caroline, Butler, PogChamp 97, 54382, PepeLaugh, 19961118-5203, 0729478141, caroline.butler@itscrap.io, Sales
Philip, Jenkins, LUL 31, 30448, PepeLaugh, 19770822-6041, 0729496823, philip.jenkins@itscrap.io, Consultant
Christopher, Mills, 4Head 45, 19928, PepeLaugh, 19880722-7759, 0723165046, christopher.mills@itscrap.io, Consultant
Elliot, McKenzie, Keepo 69, 54759, TriHard, 19580127-3422, 0720699070, elliot.mckenzie@itscrap.io, Management
Charles, Cox, LUL 54, 94661, PepeLaugh, 19730118-7063, 0728360151, charles.cox@itscrap.io, Consultant
Richard, Morris, DansGame 98, 21254, TriHard, 19990601-1488, 0728408319, richard.morris@itscrap.io, IT
Jessica, Nicholson, Kreygasm 76, 43561, PepeLaugh, 19740120-2158, 0720593163, jessica.nicholson@itscrap.io, Management
Louis, Baker, 4Head 49, 67984, PepeLaugh, 19990609-9459, 0723592340, louis.baker@itscrap.io, Consultant
Jack, Matthews, NotLikeThis 66, 96240, PepeLaugh, 19601117-9573, 0724403062, jack.matthews@itscrap.io, Consultant
William, Gordon, Jebaited 53, 85187, PepeLaugh, 19841207-5445, 0721137535, william.gordon@itscrap.io, Accounting
Amelia, Hall, SMOrc 44, 92295, PepeLaugh, 19680626-5364, 0729700136, amelia.hall@itscrap.io, Accounting
Francesca, Carter, CoolStoryBro 93, 24697, PepeLaugh, 19790414-4199, 0722905909, francesca.carter@itscrap.io, IT
Alice, Graham, SMOrc 93, 41515, TriHard, 19880613-1128, 0720446017, alice.graham@itscrap.io, Management
Rose, Matthews, ResidentSleeper 18, 31813, PepeLaugh, 19730129-3500, 0725646570, rose.matthews@itscrap.io, Management
Louis, Hughes, DansGame 57, 55629, TriHard, 19901223-8837, 0727217082, louis.hughes@itscrap.io, Accounting
Timothy, Mills, PJSalt 63, 64675, PepeLaugh, 19920214-9798, 0724416935, timothy.mills@itscrap.io, Consultant
Hazel, Cook, SMOrc 93, 16199, PepeLaugh, 19590402-5194, 0727829496, hazel.cook@itscrap.io, Sales
Annabelle, Nicholson, ResidentSleeper 80, 84226, TriHard, 19880630-7989, 0726834060, annabelle.nicholson@itscrap.io, Management
Frederick, Lowe, NotLikeThis 49, 86171, PepeLaugh, 19701121-1977, 0728187972, frederick.lowe@itscrap.io, Sales
Ethan, Moore, PogChamp 4, 96365, TriHard, 20021023-9081, 0723065225, ethan.moore@itscrap.io, IT
Rose, Fisher, Kappa 69, 23983, TriHard, 19751222-2775, 0723292565, rose.fisher@itscrap.io, Management
Harry, Henderson, 4Head 76, 65490, PepeLaugh, 19930927-3737, 0729006451, harry.henderson@itscrap.io, Sales
Michael, Patel, LUL 87, 13165, TriHard, 19601205-5656, 0728150771, michael.patel@itscrap.io, Accounting
Harriet, Freeman, ResidentSleeper 44, 60243, PepeLaugh, 20000907-5671, 0725485357, harriet.freeman@itscrap.io, Sales
James, Hall, ResidentSleeper 70, 73929, PepeLaugh, 19670405-2080, 0722992781, james.hall@itscrap.io, Sales
Beatrice, Lawrence, CoolStoryBro 90, 26317, TriHard, 19950810-3845, 0723369924, beatrice.lawrence@itscrap.io, Accounting
Harriet, Harrison, FeelsGoodMan 15, 12907, PepeLaugh, 19760603-7193, 0720501537, harriet.harrison@itscrap.io, Management
Abigail, Freeman, PogChamp 70, 71497, TriHard, 20040705-2773, 0726928497, abigail.freeman@itscrap.io, Sales
Andrew, Hughes, SMOrc 45, 32360, PepeLaugh, 19621202-3310, 0727243610, andrew.hughes@itscrap.io, Management
Harriet, Dawson, Kreygasm 83, 94807, TriHard, 19661122-9643, 0729787344, harriet.dawson@itscrap.io, Accounting
Molly, Johnson, SwiftRage 17, 86530, PepeLaugh, 19811111-9271, 0725790566, molly.johnson@itscrap.io, IT
Emma, Henry, Bigglesworth 75, 17893, PepeLaugh, 19970418-7309, 0726925051, emma.henry@itscrap.io, Consultant
Simon, Murray, FeelsGoodMan 92, 89912, PepeLaugh, 19951117-8519, 0721906692, simon.murray@itscrap.io, IT
Michael, Dawson, CoolStoryBro 51, 76221, PepeLaugh, 19840426-8386, 0721139411, michael.dawson@itscrap.io, Management
Jasper, Lewis, 4Head 3, 75544, PepeLaugh, 19870113-8083, 0722255615, jasper.lewis@itscrap.io, Sales
Arthur, Hunter, 4Head 24, 39557, PepeLaugh, 19720117-6436, 0728108975, arthur.hunter@itscrap.io, Accounting
Nathaniel, Hall, monkaS 12, 41423, TriHard, 19821007-3556, 0728627545, nathaniel.hall@itscrap.io, Accounting
Arabella, Hopkins, ResidentSleeper 49, 94993, TriHard, 19910412-5240, 0729879820, arabella.hopkins@itscrap.io, Management
Natalia, Adams, Keepo 56, 31395, PepeLaugh, 19911221-2137, 0724126196, natalia.adams@itscrap.io, Consultant
Beatrice, Marshall, PogChamp 73, 27802, TriHard, 19980214-1254, 0726641687, beatrice.marshall@itscrap.io, IT
